<?xml version="1.0" encoding="UTF-8"?>
<project-private xmlns="http://www.netbeans.org/ns/project-private/1">
    <editor-bookmarks xmlns="http://www.netbeans.org/ns/editor-bookmarks/2" lastBookmarkId="0"/>
    <open-files xmlns="http://www.netbeans.org/ns/projectui-open-files/2">
        <group>
            <file>file:/C:/Users/mahdi/Desktop/Programming3HomeWork/BankingSystem/src/bankingsystem/NotificationPopUpWindow.java</file>
            <file>file:/C:/Users/mahdi/Desktop/Programming3HomeWork/BankingSystem/src/bankingsystem/WelcomePage.java</file>
            <file>file:/C:/Users/mahdi/Desktop/Programming3HomeWork/BankingSystem/test/bankingsystem/ChangingCurrencyTest.java</file>
            <file>file:/C:/Users/mahdi/Desktop/Programming3HomeWork/BankingSystem/src/bankingsystem/RegistrationPage.java</file>
            <file>file:/C:/Users/mahdi/Desktop/Programming3HomeWork/BankingSystem/src/bankingsystem/User.java</file>
            <file>file:/C:/Users/mahdi/Desktop/Programming3HomeWork/BankingSystem/src/bankingsystem/SpecialAccessPage.java</file>
            <file>file:/C:/Users/mahdi/Desktop/Programming3HomeWork/BankingSystem/src/bankingsystem/SendingNotificationsPage.java</file>
            <file>file:/C:/Users/mahdi/Desktop/Programming3HomeWork/BankingSystem/src/bankingsystem/HistoryOfTransactions.java</file>
            <file>file:/C:/Users/mahdi/Desktop/Programming3HomeWork/BankingSystem/src/bankingsystem/SpecialAccessLogInPage.java</file>
            <file>file:/C:/Users/mahdi/Desktop/Programming3HomeWork/BankingSystem/src/bankingsystem/BalancePage.java</file>
            <file>file:/C:/Users/mahdi/Desktop/Programming3HomeWork/BankingSystem/src/bankingsystem/LogInPage.java</file>
            <file>file:/C:/Users/mahdi/Desktop/Programming3HomeWork/BankingSystem/src/bankingsystem/ChangeUserDataPage.java</file>
            <file>file:/C:/Users/mahdi/Desktop/Programming3HomeWork/BankingSystem/src/bankingsystem/DepositMoney.java</file>
            <file>file:/C:/Users/mahdi/Desktop/Programming3HomeWork/BankingSystem/src/bankingsystem/SpendMoney.java</file>
            <file>file:/C:/Users/mahdi/Desktop/Programming3HomeWork/BankingSystem/src/bankingsystem/InputIssue.java</file>
            <file>file:/C:/Users/mahdi/Desktop/Programming3HomeWork/BankingSystem/src/bankingsystem/ChangingCurrency.java</file>
        </group>
    </open-files>
</project-private>
